{"cameraMode":{"drawMode":0,"name":"Shaded","section":"Shading Mode"},"sceneLighting":true,"audioPlay":false,"sceneViewState":{"showFog":false,"showMaterialUpdate":false,"showSkybox":false,"showFlares":false,"showImageEffects":false,"showParticleSystems":false},"in2DMode":false,"pivot":{"x":227.54837036132813,"y":-69.0751953125,"z":242.19354248046876},"rotation":{"x":-0.18509753048419953,"y":-0.03772882744669914,"z":0.007111802697181702,"w":-0.9819722771644592},"size":651.9923095703125,"orthographic":false}