{"cameraMode":{"drawMode":0,"name":"Shaded","section":"Shading Mode"},"sceneLighting":true,"audioPlay":false,"sceneViewState":{"showFog":true,"showMaterialUpdate":false,"showSkybox":true,"showFlares":true,"showImageEffects":true,"showParticleSystems":true},"in2DMode":false,"pivot":{"x":158.6256103515625,"y":-177.08279418945313,"z":3289.946533203125},"rotation":{"x":-0.03330075368285179,"y":-0.0128956139087677,"z":0.00042972323717549443,"w":-0.9993740916252136},"size":3702.950927734375,"orthographic":false}